description,completed,list_id
Quibusdam illo perferendis ipsum sed ipsa quia.,0,1
Iusto quisquam impedit ab.,0,4
Laboriosam mollitia quo ab eligendi voluptates aliquid repellat error.,0,5
Quo quidem atque enim odio dolorem.,0,3
Voluptas qui dolor et aliquid doloribus dolor ut molestiae.,0,5
Repellendus sint eum sit tempora.,0,5
Quasi autem assumenda repellendus voluptatum.,0,3
Est velit eaque et minima eum exercitationem.,0,3
Ipsa error cupiditate et porro.,0,2
Aut voluptatibus omnis id quia ut aspernatur inventore.,0,3
Mollitia non aspernatur laudantium.,0,4
Dolorem voluptatem consequatur sit ut.,0,5
Enim odit eligendi rerum ut ut labore.,0,5
Adipisci sapiente consequatur excepturi tempore ab.,0,1
Voluptatem beatae ad natus exercitationem.,0,2
Culpa est earum quia aspernatur.,0,1
Fugit dolor quo eligendi dolores.,0,4
Et ea animi ut.,0,2
Repellat voluptas sequi expedita aut atque odio.,0,1
Vitae eum cum quos quisquam enim magnam.,0,4
Similique corrupti ut nam in est aperiam ipsam molestiae.,0,3
Numquam cumque est quod corrupti laborum.,0,5
Saepe sint aut laborum iure.,0,1
Quis libero suscipit totam aut.,0,4
Sit neque et totam dolorum quidem earum accusantium sequi.,0,3
